review_id,product_id,product_name,brand,marketplace,source_url,raw_text,rating,review_date,review_title,reviewer_name,scraped_at,text_hash,review_fingerprint,cleaning_status
flipkart_f60108bc89658f940e0f,infinix_note_60_pro,Infinix Note 60 Pro,Infinix,flipkart,https://www.flipkart.com/infinix-note-60-pro-solar-orange-128-gb/product-reviews/itm7681d00923b3c?pid=MOBHHVE2RRGGD6H5&page=6,Please dont purchase this phone because is overheating in only 4 days and camera quality is low and if want to return or exchange no option for anything policy showing false only in four days where we...,1,,,,2026-05-10T06:22:18+00:00,4cc284969ba58b2b930539fa57d5a8eebff59f0874fc9a71fb5410e91056c840,37a42a728e7d9553267b7e2786748e10524ea1a3002a39a4c22747e1fd451b81,clean
flipkart_8ffefaebf9abbe709398,infinix_note_60_pro,Infinix Note 60 Pro,Infinix,flipkart,https://www.flipkart.com/infinix-note-60-pro-solar-orange-128-gb/product-reviews/itm7681d00923b3c?pid=MOBHHVE2RRGGD6H5&page=5,Very poor quality mobile... Not at all worth for the price range,1,,Very poor quality mobile... Not at all worth for the price range,,2026-05-10T06:22:13+00:00,984e3c0e8b94be937af71af3e3a797122a59cdd3267218d59eba705c6ff127bb,a3b57f93b97633a9ba3350ae59178029a938987f64e4560c0a89a08882065d78,clean
flipkart_dfd80b4afa12cfcff64a,infinix_note_60_pro,Infinix Note 60 Pro,Infinix,flipkart,https://www.flipkart.com/infinix-note-60-pro-solar-orange-128-gb/product-reviews/itm7681d00923b3c?pid=MOBHHVE2RRGGD6H5&page=6,Camera like 10k mobile not good for vloging normal photography phone,1,,Camera like 10k mobile not good for vloging normal photography phone,,2026-05-10T06:22:18+00:00,2517a2a55de83facb05040ca900f25bd38ba684ee6f682db09b5d9b617b4e4a0,d3d5278a51ca0a6e290cba966d52cad4cfdb88b23777b51420fce3dd2fa6d4b6,clean
flipkart_192b43febde9dc502ebb,infinix_note_60_pro,Infinix Note 60 Pro,Infinix,flipkart,https://www.flipkart.com/infinix-note-60-pro-solar-orange-128-gb/product-reviews/itm7681d00923b3c?pid=MOBHHVE2RRGGD6H5&page=6,Not good divice,1,,Not good divice,,2026-05-10T06:22:18+00:00,4e7317fe0832a9f82e1a59807a2dec490e4ddf035a4c914ff78614dc2de26330,8ec2901e4de672b823dad9b63f38455bf4ebb167deb88f69c0c0bb186e8dbc0a,clean
flipkart_70bd1e3a84d48be4abd0,infinix_note_60_pro,Infinix Note 60 Pro,Infinix,flipkart,https://www.flipkart.com/infinix-note-60-pro-solar-orange-128-gb/product-reviews/itm7681d00923b3c?pid=MOBHHVE2RRGGD6H5&page=5,Bad phone,1,,Bad phone,,2026-05-10T06:22:13+00:00,4a11039193002235fcc70ed48806024b41920347b20c6c62d10280e34cd381a6,c40eac83c7b2abf47a4940a91c8709f32d90aab5d268d8c64c01f17f1c51cf03,clean
flipkart_a6f41046a53378c78ac2,infinix_note_60_pro,Infinix Note 60 Pro,Infinix,flipkart,https://www.flipkart.com/infinix-note-60-pro-solar-orange-128-gb/product-reviews/itm7681d00923b3c?pid=MOBHHVE2RRGGD6H5&page=6,Penubadi Narasimhulu,1,,Penubadi Narasimhulu,,2026-05-10T06:22:18+00:00,e6b1861fcd31c6e7c21539142b35a17d961d8f987309ec7012d9f5cccd56cd65,5fe285a008fe44ff5d982c0c1174d4e6165632251382926b91f308dbbcb1dac5,clean
flipkart_81e0e810cdcd761dbb60,infinix_note_60_pro,Infinix Note 60 Pro,Infinix,flipkart,https://www.flipkart.com/infinix-note-60-pro-solar-orange-128-gb/product-reviews/itm7681d00923b3c?pid=MOBHHVE2RRGGD6H5&page=4,And heating phone very much,2,,Bad experience,,2026-05-10T06:22:07+00:00,538a51604b68831828af60b23285a56e09c02114b9836c3e2cc20aef156a86f4,d81ccc39ede8f2454696b202204f900e4aad174e0553254a0ded81a5ff975136,clean
flipkart_3e013adc9e2af012765f,infinix_note_60_pro,Infinix Note 60 Pro,Infinix,flipkart,https://www.flipkart.com/infinix-note-60-pro-solar-orange-128-gb/product-reviews/itm7681d00923b3c?pid=MOBHHVE2RRGGD6H5&page=6,Not good,2,,Not good,,2026-05-10T06:22:18+00:00,118fc4a97a2780cf20486bf2cdb8bd7ea2d3be93d2d93e7870869dbe07ff56bf,d918504f7af0d5d16819a627bc5d3c9fcf398e44a64761132ceb51cf468cc1dd,clean
flipkart_040ea41d5075d1cbe6e9,infinix_note_60_pro,Infinix Note 60 Pro,Infinix,flipkart,https://www.flipkart.com/infinix-note-60-pro-solar-orange-128-gb/product-reviews/itm7681d00923b3c?pid=MOBHHVE2RRGGD6H5&page=5,Bad Battery life,3,,Bad Battery life,,2026-05-10T06:22:12+00:00,5542f234aaa51638ca0bc79bb4db23f08a5337078815e26cc25e72cd91360e1c,a93c0c3d34b88f0d5beb3fe0df735fa489004fdbd4f15ad3a44727cdac69f95c,clean
flipkart_2442b8bd4e4a7f8b93c7,infinix_note_60_pro,Infinix Note 60 Pro,Infinix,flipkart,https://www.flipkart.com/infinix-note-60-pro-solar-orange-128-gb/product-reviews/itm7681d00923b3c?pid=MOBHHVE2RRGGD6H5&page=5,Evening is good but this phone not value for money ✅ mobile build quality very good I think great. Camera design mind-blowing display too good 💯,4,,,,2026-05-10T06:22:12+00:00,7cf12c336edfd1033e95089e2e5391b4ab8afa1e5a12c9dc49d8ffe6f02be7d9,c77a531fecad44344b99ab8fe4c1ec837b2495d2f94a6e7322263beeb99ed78c,clean
flipkart_1147d1cdc5f81f086eee,infinix_note_60_pro,Infinix Note 60 Pro,Infinix,flipkart,https://www.flipkart.com/infinix-note-60-pro-solar-orange-128-gb/product-reviews/itm7681d00923b3c?pid=MOBHHVE2RRGGD6H5&page=3,Every thing is good but sometimes the calls are not outgoing I think it is a software issue,4,,Good quality product,,2026-05-10T06:22:01+00:00,d0a0e1b934bb6cd0631c1dbdf4406df2b64778c0ec5ffd82b0899679a42e104e,f94735883a4498f3966848c722a8e9576519577487bc91248021f290cfd1c998,clean
flipkart_e64248a8811f1dda7c1a,infinix_note_60_pro,Infinix Note 60 Pro,Infinix,flipkart,https://www.flipkart.com/infinix-note-60-pro-solar-orange-128-gb/product-reviews/itm7681d00923b3c?pid=MOBHHVE2RRGGD6H5&page=2,Everything is okay.But mobile speak is low volume. Speak rating 3 star,4,,Everything is okay.But mobile speak is low volume. Speak rating 3 star,,2026-05-10T06:21:56+00:00,55229cb1b0e0f633a188971fa5e7feddf2a17afe213aa1063c3eb4471f6a49b4,e6a5b13596e821bec40a98a8f409a95e2b1de34ab025a6d3641511c03fb54206,clean
flipkart_71e6f811d63de1491720,infinix_note_60_pro,Infinix Note 60 Pro,Infinix,flipkart,https://www.flipkart.com/infinix-note-60-pro-solar-orange-128-gb/product-reviews/itm7681d00923b3c?pid=MOBHHVE2RRGGD6H5,Overall a good phone.,4,,Overall a good phone.,,2026-05-10T06:21:49+00:00,5ca3930f3d9dd502ce8fbc0dd966e1c96d1c2ab446b8f000442d7302bf156eaa,1826816114b336cc3a943e5673d6d12618d429e439df0321ece27a896d2774a1,clean
flipkart_3cf9637e8e0df16577f4,infinix_note_60_pro,Infinix Note 60 Pro,Infinix,flipkart,https://www.flipkart.com/infinix-note-60-pro-solar-orange-128-gb/product-reviews/itm7681d00923b3c?pid=MOBHHVE2RRGGD6H5&page=3,Good quality product,4,,Good quality product,,2026-05-10T06:22:01+00:00,9f436c059d292f878d43f09604fe1f0b7462f7d32d667e23a10a0833b264dd41,48b0f94bbd6c575dafd1e2f10ef0d5e237ea51da34ffaaf7c831175e9e8a150e,clean
flipkart_0ef20b987e2ad731107d,infinix_note_60_pro,Infinix Note 60 Pro,Infinix,flipkart,https://www.flipkart.com/infinix-note-60-pro-solar-orange-128-gb/product-reviews/itm7681d00923b3c?pid=MOBHHVE2RRGGD6H5&page=2,Very Good,4,,Very Good,,2026-05-10T06:21:56+00:00,624d026dc13e1e189f9ea4ca66a065466d3f438dd94250ee8bc45ab57566374e,544095f63aeb2d763cfcbbb00186243a6420b0cb357b9d2f55f8fa76672fb807,clean
flipkart_cf01c57a5200bc423af6,infinix_note_60_pro,Infinix Note 60 Pro,Infinix,flipkart,https://www.flipkart.com/infinix-note-60-pro-solar-orange-128-gb/product-reviews/itm7681d00923b3c?pid=MOBHHVE2RRGGD6H5&page=2,Good 👍,4,,Good 👍,,2026-05-10T06:21:56+00:00,2b4a8f06506895762ffb26a8f31aea080b8b7e8b55612e5483644eef1fb3b738,fe37eabba64e9b1dbfa958fb30a096e7addf2f60dd44a32136c98b832ea6474a,clean
flipkart_db6ee0a9fd3d4a9da4b0,infinix_note_60_pro,Infinix Note 60 Pro,Infinix,flipkart,https://www.flipkart.com/infinix-note-60-pro-solar-orange-128-gb/product-reviews/itm7681d00923b3c?pid=MOBHHVE2RRGGD6H5&page=6,Good choice,4,,Good choice,,2026-05-10T06:22:18+00:00,1c4c557c4a45b81f58831406e40cb434ce454594ad48db9f10a519a7ca79e1c0,ee8153901052af6c2fbd15ea76f7ae02d0448087503b02fb979b61d6b73a2514,clean
flipkart_ae3cdd919ba88a619e8c,infinix_note_60_pro,Infinix Note 60 Pro,Infinix,flipkart,https://www.flipkart.com/infinix-note-60-pro-solar-orange-128-gb/product-reviews/itm7681d00923b3c?pid=MOBHHVE2RRGGD6H5&page=2,"So far so good, build quality is top notch. It is fun to use this handset. Battery backup and software is very good. Display quality is awesome. Only missing is camera quality. Quality is not bad but ...",5,,,,2026-05-10T06:21:56+00:00,60cd2d834bb3368f8ced16a12fc88908333c4875af7fe6e6d499b89bc5e9042a,3feeb04dbbb5b33db68f8676e39979875ecb9e2be9f086979afad6843947929d,clean
flipkart_9715d75cf9ba9c64d697,infinix_note_60_pro,Infinix Note 60 Pro,Infinix,flipkart,https://www.flipkart.com/infinix-note-60-pro-solar-orange-128-gb/product-reviews/itm7681d00923b3c?pid=MOBHHVE2RRGGD6H5&page=4,Good in performance good in design good in speaker good in display good in processor all good Super Super phone In this range,5,,Excellent,,2026-05-10T06:22:07+00:00,9b7c6aabfccc2f533974148ccf744a8ce3797e63d91a51553e64911e6a7d8f17,48167b16d26ed76f20e940ab003d88920d18520d6ca91a69a2d9f8c6c5aadacb,clean
flipkart_0c65905b9c558d5230c8,infinix_note_60_pro,Infinix Note 60 Pro,Infinix,flipkart,https://www.flipkart.com/infinix-note-60-pro-solar-orange-128-gb/product-reviews/itm7681d00923b3c?pid=MOBHHVE2RRGGD6H5&page=4,Some of the phones of new generation. Great performance. Very easy to handle,5,,Excellent,,2026-05-10T06:22:07+00:00,7afa62482070bc05421fcf62593261ca19511c188c38c1c4f554b98c23d9a892,0210be2d1cc9ec931bf13ef0f6086a64de632c60b6a705b60ab70531cd3b11d7,clean
flipkart_43941a2c80ebc287081f,infinix_note_60_pro,Infinix Note 60 Pro,Infinix,flipkart,https://www.flipkart.com/infinix-note-60-pro-solar-orange-128-gb/product-reviews/itm7681d00923b3c?pid=MOBHHVE2RRGGD6H5,"Very good phone with good camera, build quality. Value for money.",5,,"Very good phone with good camera, build quality. Value for money.",,2026-05-10T06:21:49+00:00,2dd73979033887f4a9fedcaefe42082a2c4a6b1b234acddc3ad2831bd350d2da,9a2a8af3cf23f92f7daab813a4f7d0b1a0aa51368a51b567b1aef9a904ce2064,clean
flipkart_21c6c3c674e46ea15aa3,infinix_note_60_pro,Infinix Note 60 Pro,Infinix,flipkart,https://www.flipkart.com/infinix-note-60-pro-solar-orange-128-gb/product-reviews/itm7681d00923b3c?pid=MOBHHVE2RRGGD6H5&page=3,"Superb Phone. Amazing build quality, feels premium, Decent camera output",5,,"Superb Phone. Amazing build quality, feels premium, Decent camera output",,2026-05-10T06:22:01+00:00,2a2013bb78a2bf5af4b2ba8fb3496f788f88e591348808f8b893865540239090,45037fc9f979c737222cabfcf7c1e321403c8346fe00e3fde6c7f8479985d9e0,clean
flipkart_d3424890ceff0456b098,infinix_note_60_pro,Infinix Note 60 Pro,Infinix,flipkart,https://www.flipkart.com/infinix-note-60-pro-solar-orange-128-gb/product-reviews/itm7681d00923b3c?pid=MOBHHVE2RRGGD6H5&page=2,Over all great phone but camera is decent.,5,,Over all great phone but camera is decent.,,2026-05-10T06:21:56+00:00,2ebb86f75b96278397178ad7cebcb5e1074c07f2530ef8c49152ca178fd94f95,268f8a8d11f0fa9d6c0e12f503ad133bd509eb43417907fef318bd4ead103e0d,clean
flipkart_aa10381b6ea04e49f577,infinix_note_60_pro,Infinix Note 60 Pro,Infinix,flipkart,https://www.flipkart.com/infinix-note-60-pro-solar-orange-128-gb/product-reviews/itm7681d00923b3c?pid=MOBHHVE2RRGGD6H5,"Best Design, Camera Quality with good Features👍",5,,"Best Design, Camera Quality with good Features👍",,2026-05-10T06:21:48+00:00,2fa5828d230f91eeef4da8860de8377274d44cbe4f8048252bf410dc72963241,a8b04147c7b12b61199e46b632fa2294800cf2b5444ce8e3d4801ff8bae3ddc2,clean
flipkart_018d4fd8009319738f5b,infinix_note_60_pro,Infinix Note 60 Pro,Infinix,flipkart,https://www.flipkart.com/infinix-note-60-pro-solar-orange-128-gb/product-reviews/itm7681d00923b3c?pid=MOBHHVE2RRGGD6H5,Very nice Phone wanderful camera,5,,Very nice Phone wanderful camera,,2026-05-10T06:21:49+00:00,cf69544a55eb9a041faca0232e8a795125a613774e8a45730c434babed225394,301e1cf056487c78d7e5b34f83a6abd2240cbfb90b88a1d9a4178d7b70f81f8c,clean
flipkart_5da7b5ec5dae13e2bb55,infinix_note_60_pro,Infinix Note 60 Pro,Infinix,flipkart,https://www.flipkart.com/infinix-note-60-pro-solar-orange-128-gb/product-reviews/itm7681d00923b3c?pid=MOBHHVE2RRGGD6H5&page=3,Excellent mobile. Value for money,5,,Excellent mobile. Value for money,,2026-05-10T06:22:01+00:00,094cf24e9da34d64dfde00abdc09e5cff02a6252ffe3bfa402b99a6000225894,c7bccc30993e989a26f0a16fbfd1dfad78b975deee9bc9b5cf74f34a2e96d58b,clean
flipkart_f9faa615697d24634e54,infinix_note_60_pro,Infinix Note 60 Pro,Infinix,flipkart,https://www.flipkart.com/infinix-note-60-pro-solar-orange-128-gb/product-reviews/itm7681d00923b3c?pid=MOBHHVE2RRGGD6H5&page=5,Value for money 😍😍,5,,Value for money 😍😍,,2026-05-10T06:22:12+00:00,bef7e98dfb8f8c4554cdc40fa25129f15bc2faac4e70bd5c1ee3a67748ce7d13,c6c1acfb95d69bd3d66973e6eff5dde95314c97791de608eb45dea42c294d3e3,clean
flipkart_b291739ead68697ca1f8,infinix_note_60_pro,Infinix Note 60 Pro,Infinix,flipkart,https://www.flipkart.com/infinix-note-60-pro-solar-orange-128-gb/product-reviews/itm7681d00923b3c?pid=MOBHHVE2RRGGD6H5&page=2,"Mind blowing phone, I don't expect this kind of phone delivered this brand, just awesome device, don't think so much just go for it,",5,,Simply awesome,,2026-05-10T06:21:56+00:00,4174aedab519d14b6c7c30a64f01a4cd52a1df92a0790c92935ab79ea7550f4c,2df04a5b4f91b7e6201e1138ade8e71168e7c04f0db278c7a4986b969b7957bb,clean
flipkart_f73714b3057a7a151d7d,infinix_note_60_pro,Infinix Note 60 Pro,Infinix,flipkart,https://www.flipkart.com/infinix-note-60-pro-solar-orange-128-gb/product-reviews/itm7681d00923b3c?pid=MOBHHVE2RRGGD6H5&page=4,It is a very good looking phone and feels like using an iphone in hand experience is very good.,5,,,,2026-05-10T06:22:07+00:00,4e4e34bee8a8a83bad7e25631b3a6fa8b461e90d016f2b5bc9c272ba1d7f18ca,712308f6be45811cbfd3586dc960766c7b15eb7b14e7265e8abca1b8d2f5ecc1,clean
flipkart_513366852a12ae8929b7,infinix_note_60_pro,Infinix Note 60 Pro,Infinix,flipkart,https://www.flipkart.com/infinix-note-60-pro-solar-orange-128-gb/product-reviews/itm7681d00923b3c?pid=MOBHHVE2RRGGD6H5,Phones built quality is very premium in hand it feels like holding high premium quality.,5,,Best in the market!,,2026-05-10T06:21:49+00:00,f6b348da73dad96a301556c935325d9db27e8727a2e4d48ee5ae496ebe273d25,ebdd1baafdd3ccc2a43d699aaf57942fc04c034bf985c67941b7dc990444eb32,clean
flipkart_462536bc77eeb9d47123,infinix_note_60_pro,Infinix Note 60 Pro,Infinix,flipkart,https://www.flipkart.com/infinix-note-60-pro-solar-orange-128-gb/product-reviews/itm7681d00923b3c?pid=MOBHHVE2RRGGD6H5&page=4,Excellent product it my 3rd phone from this brand trusted,5,,Excellent product it my 3rd phone from this brand trusted,,2026-05-10T06:22:07+00:00,5da562047ce8f41ee3a6830d8a973a386d3369636bda54ce2d5bad270acd2123,6a779f266f1a64a5831d4b200d494488c79fadc4ac9f91a77ec523b1aae4b150,clean
flipkart_4d0b655998cbea03f5ab,infinix_note_60_pro,Infinix Note 60 Pro,Infinix,flipkart,https://www.flipkart.com/infinix-note-60-pro-solar-orange-128-gb/product-reviews/itm7681d00923b3c?pid=MOBHHVE2RRGGD6H5,Good product I like it but delivery delayed 01day,5,,Good product I like it but delivery delayed 01day,,2026-05-10T06:21:48+00:00,e40352e1ab863b605bcd89d1b0b81d424fece1a79aaf590315e76572402449a1,d47d308b9baf898157f592a3a521623f19b63b8508437a6f4ef7d20c63cff2b8,clean
flipkart_ce39467a8bbfe0dc7f63,infinix_note_60_pro,Infinix Note 60 Pro,Infinix,flipkart,https://www.flipkart.com/infinix-note-60-pro-solar-orange-128-gb/product-reviews/itm7681d00923b3c?pid=MOBHHVE2RRGGD6H5&page=3,Excellent smartphone man wow. i love it,5,,Simply awesome,,2026-05-10T06:22:01+00:00,aecda10c81112b5a55305adbf72186e28b32313066da72ae1b3ee2130645460e,4615ea11a5cdac24f01ddf039f5e6c56fb7fafeb62b117d7720bb67e946e57a0,clean
flipkart_52a857e9b9ec846674e4,infinix_note_60_pro,Infinix Note 60 Pro,Infinix,flipkart,https://www.flipkart.com/infinix-note-60-pro-solar-orange-128-gb/product-reviews/itm7681d00923b3c?pid=MOBHHVE2RRGGD6H5&page=7,Outstanding Mobile 🥰 Loved it 🥰😍,5,,Outstanding Mobile 🥰 Loved it 🥰😍,,2026-05-10T06:22:25+00:00,e8cf1c3a82a28c7c46a470c02cdb40fddfb4477a144067d450e3e43945d4eba7,16f8e82c4a293d02ab9d46b50bb5f42800d6da7db474dcd380911c1d1e875889,clean
flipkart_f30b8a94c10f307d49b0,infinix_note_60_pro,Infinix Note 60 Pro,Infinix,flipkart,https://www.flipkart.com/infinix-note-60-pro-solar-orange-128-gb/product-reviews/itm7681d00923b3c?pid=MOBHHVE2RRGGD6H5&page=2,Awesome phone velue for money,5,,Awesome phone velue for money,,2026-05-10T06:21:56+00:00,2e6dd1f12b3ad814aad878ccf0a7a927636633da629f955cd666c34580c7bdb7,eb3943fb39ce875245c818a5a6ecdd152f79355a3d8a16c0a68d835a3373eca8,clean
flipkart_a9ca5486b6c4f4b96c91,infinix_note_60_pro,Infinix Note 60 Pro,Infinix,flipkart,https://www.flipkart.com/infinix-note-60-pro-solar-orange-128-gb/product-reviews/itm7681d00923b3c?pid=MOBHHVE2RRGGD6H5&page=2,Best in the market!,5,,Best in the market!,,2026-05-10T06:21:56+00:00,f816e186628901c0be1f4f09e19f5ba2339cf1f0ac83b22c31645e95111949d2,d76ead639c3b2a0f79a8199c7b91fac68087e830d08702c7643122ef9be52f28,clean
flipkart_e1d9a0c53785836edfd6,infinix_note_60_pro,Infinix Note 60 Pro,Infinix,flipkart,https://www.flipkart.com/infinix-note-60-pro-solar-orange-128-gb/product-reviews/itm7681d00923b3c?pid=MOBHHVE2RRGGD6H5&page=6,Very very nice phone,5,,Very very nice phone,,2026-05-10T06:22:18+00:00,db65b90d2b6b18eabd5823fb2eab568a46e1df3ac42033542009704dc53ada18,df52acbccac38b28d207b6fa3bfda702430fecd3ecb4925fda4ebc51be7c20dc,clean
flipkart_cd9ca05e73d6e8f1f1bc,infinix_note_60_pro,Infinix Note 60 Pro,Infinix,flipkart,https://www.flipkart.com/infinix-note-60-pro-solar-orange-128-gb/product-reviews/itm7681d00923b3c?pid=MOBHHVE2RRGGD6H5,Very good phone,5,,Very good phone,,2026-05-10T06:21:49+00:00,c05d2f76e551241de1a2ebbe3941193a2511a10bbb1e6d52a93080d40a9882c5,a83a40447f6844a5d8b13157a756e00123a2d111fb5226739f08095909854c8b,clean
flipkart_ecfe5ec60ad2333e9bdc,infinix_note_60_pro,Infinix Note 60 Pro,Infinix,flipkart,https://www.flipkart.com/infinix-note-60-pro-solar-orange-128-gb/product-reviews/itm7681d00923b3c?pid=MOBHHVE2RRGGD6H5&page=2,Really fabulous phone,5,,Really fabulous phone,,2026-05-10T06:21:56+00:00,9efab7c80aa99af4d11debc5a765f0013693559303b84d57b999f82df648ae57,2c6f056afed5899efd0ffbac8fa597bd1dcefa279d92456058c6e94d808e3635,clean
flipkart_0e8397b56dfeaf6720fc,infinix_note_60_pro,Infinix Note 60 Pro,Infinix,flipkart,https://www.flipkart.com/infinix-note-60-pro-solar-orange-128-gb/product-reviews/itm7681d00923b3c?pid=MOBHHVE2RRGGD6H5&page=3,Verry gd phone,5,,Verry gd phone,,2026-05-10T06:22:01+00:00,a5cc6cdb98b66d1cd322a473e49377edda5f66910a566b637c54213063c2a7dd,53893e6dce2cecc94cbcb24d1e746e1aef9184183594781616b682269803e163,clean
flipkart_5924d618f5ded8e69d0c,infinix_note_60_pro,Infinix Note 60 Pro,Infinix,flipkart,https://www.flipkart.com/infinix-note-60-pro-solar-orange-128-gb/product-reviews/itm7681d00923b3c?pid=MOBHHVE2RRGGD6H5&page=5,Very good mobile,5,,Very good mobile,,2026-05-10T06:22:12+00:00,51ed9025aee452dd206acfb18800bf34191e9c853812c68e47a6c6c3e1b30e90,4cdf7057f514934d463ca690678fd3e5be03308726d4d07b418bd5c7ad2e3b25,clean
flipkart_f91147eaa8e022750e07,infinix_note_60_pro,Infinix Note 60 Pro,Infinix,flipkart,https://www.flipkart.com/infinix-note-60-pro-solar-orange-128-gb/product-reviews/itm7681d00923b3c?pid=MOBHHVE2RRGGD6H5,Excellent 👌,5,,Excellent 👌,,2026-05-10T06:21:49+00:00,4a4d5c87edc509d291d3acbf8df424cee0f0d3f16237bacfaea82092a119edc7,125aa8e5509da7948993e7156a68a7a364e69e6eb7332303b8f38de15f0fb186,clean
flipkart_084a7e2c37a53e24b355,infinix_note_60_pro,Infinix Note 60 Pro,Infinix,flipkart,https://www.flipkart.com/infinix-note-60-pro-solar-orange-128-gb/product-reviews/itm7681d00923b3c?pid=MOBHHVE2RRGGD6H5&page=2,Simply awesome,5,,Simply awesome,,2026-05-10T06:21:56+00:00,d27501ded2e6426c60c4270e86c79d894a19dcaf762b155aff2b196399106587,0ce15b19e37041ef53268cab9b8661fb88e8ca61883461147662eb1a713850ad,clean
flipkart_769ebcf61b6d0f2872e8,infinix_note_60_pro,Infinix Note 60 Pro,Infinix,flipkart,https://www.flipkart.com/infinix-note-60-pro-solar-orange-128-gb/product-reviews/itm7681d00923b3c?pid=MOBHHVE2RRGGD6H5&page=5,Nice phone,5,,Nice phone,,2026-05-10T06:22:13+00:00,17c653322775be0607d1ca42292373bb4f433658e8c2f8801ad9a0fbeff6d16a,50aae8b452bfd3b31e6768c75c9673a74c4da4f0a8a1bf36bded38d3825b2105,clean
flipkart_7ca622470a92df543dc7,infinix_note_60_pro,Infinix Note 60 Pro,Infinix,flipkart,https://www.flipkart.com/infinix-note-60-pro-solar-orange-128-gb/product-reviews/itm7681d00923b3c?pid=MOBHHVE2RRGGD6H5&page=6,Nice mobile,5,,Nice mobile,,2026-05-10T06:22:18+00:00,e0c2693696a6dc87b222e87501d452bdd18eaf96e7c49d0e381e091d51e01ee9,94cc451776997ff72f30c005c7bd10975e417b2df1bba5054037c2a5edf9c651,clean
flipkart_089126f6c4ffffbb1e61,realme_narzo_90x_5g,Realme Narzo 90x 5G,Realme,flipkart,https://www.flipkart.com/realme-narzo-90x-5g-flash-blue-128-gb/product-reviews/itma63c5c5ce781a?pid=MOBHGUHGEGQQTHY2&page=4,"Performance is too low, the apps are being not responding most of the time",1,,"Performance is too low, the apps are being not responding most of the time",,2026-05-10T06:23:55+00:00,b06f6d095032dad4b921c2bfc9929fe34ccf78a2071e90a8615a6b8784130f49,36b7a7ff785ba32b16f404baeb214d02d385dd91e3185ccbefe51958d0f2bbc1,clean
flipkart_6ff568e820ca8512f559,realme_narzo_90x_5g,Realme Narzo 90x 5G,Realme,flipkart,https://www.flipkart.com/realme-narzo-90x-5g-flash-blue-128-gb/product-reviews/itma63c5c5ce781a?pid=MOBHGUHGEGQQTHY2&page=4,"Very bad mobile, Every time showing no Sim. Signal comes only After restart . Every 30 minutes you have to restart. DONT BUY PLEASE",1,,,,2026-05-10T06:23:55+00:00,c6bec8e463832c4ed4b2d6be35aca37a0c56567251e651ec7130b82765e09949,a6581d829e348446ca5e2d0838e30de360b9f92cf28e7970d6cfe5dd76a1028b,clean
flipkart_c818b5bdaefe63743720,realme_narzo_90x_5g,Realme Narzo 90x 5G,Realme,flipkart,https://www.flipkart.com/realme-narzo-90x-5g-flash-blue-128-gb/product-reviews/itma63c5c5ce781a?pid=MOBHGUHGEGQQTHY2&page=3,Phone hang after call end.,1,,Highly worst phone.,,2026-05-10T06:23:49+00:00,a4f2236cdff42c67572a83d50c0790cfd5b720f76e5c43c020d72f7501c0c6ec,dff4706c3e4a99ead1ae177c1444319e12b60113b99f48e51eda6971958d69a5,clean
flipkart_4597d125689fbe573037,realme_narzo_90x_5g,Realme Narzo 90x 5G,Realme,flipkart,https://www.flipkart.com/realme-narzo-90x-5g-flash-blue-128-gb/product-reviews/itma63c5c5ce781a?pid=MOBHGUHGEGQQTHY2&page=3,Camera quality is poor,2,,Could be way better,,2026-05-10T06:23:49+00:00,9ef06bf54ceb71f73bb8a6d6216208b7a3c70c72a66fa28bae33945e422426ec,1833007389ee555b4c0dbb27854b7feed2502e332c7430c9a52952f19500e7b7,clean
flipkart_b94b4e8a6fe3bfb52c98,realme_narzo_90x_5g,Realme Narzo 90x 5G,Realme,flipkart,https://www.flipkart.com/realme-narzo-90x-5g-flash-blue-128-gb/product-reviews/itma63c5c5ce781a?pid=MOBHGUHGEGQQTHY2,Fair deal at this price,4,,Fair deal at this price,,2026-05-10T06:23:36+00:00,1779e3d26c47ecb14bee01ebf78b04e7870284f42784baa9a8329b0cb0686601,381a4ead5adb5ec08175f8539fd29c0b0a9eb29ec13835e3674893017c736850,clean
flipkart_3c8429354c9201db7bcd,realme_narzo_90x_5g,Realme Narzo 90x 5G,Realme,flipkart,https://www.flipkart.com/realme-narzo-90x-5g-flash-blue-128-gb/product-reviews/itma63c5c5ce781a?pid=MOBHGUHGEGQQTHY2&page=2,Good mobile phone realme narzo 90x,4,,Good quality product,,2026-05-10T06:23:43+00:00,04c6be7e0168e4e2ef6cc291a0d97ca5675f90c53639652fe417968c1eae95ae,57e086e20fc587b9cce8e0c56e4b2d6d19c12d49ac43e9058595d88a96bf13b1,clean
flipkart_8b0e2d9b312b757cf9ba,realme_narzo_90x_5g,Realme Narzo 90x 5G,Realme,flipkart,https://www.flipkart.com/realme-narzo-90x-5g-flash-blue-128-gb/product-reviews/itma63c5c5ce781a?pid=MOBHGUHGEGQQTHY2&page=2,Good quality product,4,,Good quality product,,2026-05-10T06:23:43+00:00,9f436c059d292f878d43f09604fe1f0b7462f7d32d667e23a10a0833b264dd41,cd03ecd9fbc636956940a82f7ed6527d30ccbc0586d7fd88304e085882b8bc05,clean
flipkart_906db7fd1599d0530c21,realme_narzo_90x_5g,Realme Narzo 90x 5G,Realme,flipkart,https://www.flipkart.com/realme-narzo-90x-5g-flash-blue-128-gb/product-reviews/itma63c5c5ce781a?pid=MOBHGUHGEGQQTHY2,Nice phone,4,,Nice phone,,2026-05-10T06:23:36+00:00,17c653322775be0607d1ca42292373bb4f433658e8c2f8801ad9a0fbeff6d16a,dd58f4132e2af341418ed4759d7e62d5aa3a476d227e02d980f8ae2ad4c9265a,clean
flipkart_10fa0900ec299240d26b,realme_narzo_90x_5g,Realme Narzo 90x 5G,Realme,flipkart,https://www.flipkart.com/realme-narzo-90x-5g-flash-blue-128-gb/product-reviews/itma63c5c5ce781a?pid=MOBHGUHGEGQQTHY2,Best phone,4,,Best phone,,2026-05-10T06:23:36+00:00,020ddbc4a4cf8f85eac8d970a9124f95932d7127c79d27e9d5a8152303750661,9525d1f3f0f10fd16ef847c17f0c1cd262a94cae13b6162a9b0d689249a036f5,clean
flipkart_5146481ecf3389fd74ad,realme_narzo_90x_5g,Realme Narzo 90x 5G,Realme,flipkart,https://www.flipkart.com/realme-narzo-90x-5g-flash-blue-128-gb/product-reviews/itma63c5c5ce781a?pid=MOBHGUHGEGQQTHY2&page=2,This product is good of that budget.,5,,Excellent,,2026-05-10T06:23:43+00:00,1fb317c1683bd308e635b73a66bde0a12a87075cba211a746739e86d66564a9e,bd1900945fd2d3ff0b2b2fb4394360eca7ccbfe372cae2ac0851eebcd63eba1a,clean
flipkart_b12255d18843e85a0576,realme_narzo_90x_5g,Realme Narzo 90x 5G,Realme,flipkart,https://www.flipkart.com/realme-narzo-90x-5g-flash-blue-128-gb/product-reviews/itma63c5c5ce781a?pid=MOBHGUHGEGQQTHY2&page=2,Great mobile in this price,5,,Awesome,,2026-05-10T06:23:43+00:00,92a30910e14a016e6b4d44a87fcb436aab8ddfee7dccc3440d9ea2cd4a47d07b,c081d21598475bb4dceec60e0823a52e9849cf736af8057c1c1704b45c6950f4,clean
flipkart_e915ebc85f05f2281013,realme_narzo_90x_5g,Realme Narzo 90x 5G,Realme,flipkart,https://www.flipkart.com/realme-narzo-90x-5g-flash-blue-128-gb/product-reviews/itma63c5c5ce781a?pid=MOBHGUHGEGQQTHY2&page=2,"Ok good performance,",5,,Excellent,,2026-05-10T06:23:43+00:00,299b87e05a3356e4afd6e89224c1c96e5d1c641f67e3af88df789b83a8919e96,ae9d8adbbb62c53ca9869eb018ac01eecca057a668d4627af9b32b308f3a7d38,clean
flipkart_546161950c84d8ee9298,realme_narzo_90x_5g,Realme Narzo 90x 5G,Realme,flipkart,https://www.flipkart.com/realme-narzo-90x-5g-flash-blue-128-gb/product-reviews/itma63c5c5ce781a?pid=MOBHGUHGEGQQTHY2&page=2,Latest phone for my mom. She like it but due to a new OS/UI she is not familiar with all functions and features.,5,,,,2026-05-10T06:23:43+00:00,2f83527d624374488ef799be8d59018f174ab8bb13439ac80e5dc672743e8956,76575e56bb6a2e3bc191a0bb5e72ff36d76c45726188c399554205eb091df784,clean
flipkart_8b649a63ee3095090ede,realme_narzo_90x_5g,Realme Narzo 90x 5G,Realme,flipkart,https://www.flipkart.com/realme-narzo-90x-5g-flash-blue-128-gb/product-reviews/itma63c5c5ce781a?pid=MOBHGUHGEGQQTHY2,Perfect mobile. Go for it.,5,,Simply awesome,,2026-05-10T06:23:36+00:00,f43be65a5f37b0225df8c96c9a4a4f807fdfceaa54a2280be606efddf4dadc04,4a30dc9c995772af9b3e607e3d75fb409a40ebaa8090d5b81fdc5a29468f8253,clean
flipkart_74302e0f517c97a71f91,realme_narzo_90x_5g,Realme Narzo 90x 5G,Realme,flipkart,https://www.flipkart.com/realme-narzo-90x-5g-flash-blue-128-gb/product-reviews/itma63c5c5ce781a?pid=MOBHGUHGEGQQTHY2,I love you 💖🩷,5,,I love you 💖🩷,,2026-05-10T06:23:36+00:00,c505f2acae318898c2b292f30123cd709e8bf929ac865b5234e09a21fb395e06,91d01dbc649fe6f341c89ec9debda3fab57616f9c8dcfc2ab22ed633cea12281,clean
flipkart_63da708a736d983d0bb7,realme_narzo_90x_5g,Realme Narzo 90x 5G,Realme,flipkart,https://www.flipkart.com/realme-narzo-90x-5g-flash-blue-128-gb/product-reviews/itma63c5c5ce781a?pid=MOBHGUHGEGQQTHY2&page=2,Good mobile good looks,5,,Good mobile good looks,,2026-05-10T06:23:43+00:00,98c5bc661ce25d7132be2d30359279cae578e29e17d2025f5ea999c7853e7b4d,9a72f79bb94bed5488c7a718b14e853e70c1c3240901f085ebf310fee6f90a90,clean
flipkart_1f2fbc20044d8efa0fee,realme_narzo_90x_5g,Realme Narzo 90x 5G,Realme,flipkart,https://www.flipkart.com/realme-narzo-90x-5g-flash-blue-128-gb/product-reviews/itma63c5c5ce781a?pid=MOBHGUHGEGQQTHY2,Very good product,5,,Very good product,,2026-05-10T06:23:36+00:00,b9760c8d6ad61874377e2d5c09252c4a3b04ba69532968b0c459c95f44523e73,6abd18d9bfdd2e9d5849a6ce45ffd9ae399a9557ca8adc88fd4f402f536bedea,clean
flipkart_67811d0754cf79b0ab73,realme_narzo_90x_5g,Realme Narzo 90x 5G,Realme,flipkart,https://www.flipkart.com/realme-narzo-90x-5g-flash-blue-128-gb/product-reviews/itma63c5c5ce781a?pid=MOBHGUHGEGQQTHY2&page=4,Excellent product 👍,5,,Excellent product 👍,,2026-05-10T06:23:55+00:00,82aaa8d3827dae9deb5dda13de3b3dd2f3cca3ff60f3033efdf7a357251fce7f,701bcf2f4546f2098fc02c88f8f46c0d07951f98dc627e1947c8dccfef659ac8,clean
flipkart_d43c9317d4360df003f7,realme_narzo_90x_5g,Realme Narzo 90x 5G,Realme,flipkart,https://www.flipkart.com/realme-narzo-90x-5g-flash-blue-128-gb/product-reviews/itma63c5c5ce781a?pid=MOBHGUHGEGQQTHY2,Good 👍lik,5,,Good 👍lik,,2026-05-10T06:23:36+00:00,30647834f5a7fdfc6203cab7d47393895d02594c13afc1f15e4dc973803ddfb6,a9b5bde437b53a337c5a215418493981cc677a23babf4830c98f922540854984,clean
flipkart_5bec05a79a6f18115315,realme_narzo_90x_5g,Realme Narzo 90x 5G,Realme,flipkart,https://www.flipkart.com/realme-narzo-90x-5g-flash-blue-128-gb/product-reviews/itma63c5c5ce781a?pid=MOBHGUHGEGQQTHY2,Simply awesome,5,,Simply awesome,,2026-05-10T06:23:36+00:00,d27501ded2e6426c60c4270e86c79d894a19dcaf762b155aff2b196399106587,c5ded5e02d8e9b27904002efcd16a4ae3d9a04668d9a127228b80d6d6f15e84e,clean
flipkart_973c10e91c2c325cacc3,realme_narzo_90x_5g,Realme Narzo 90x 5G,Realme,flipkart,https://www.flipkart.com/realme-narzo-90x-5g-flash-blue-128-gb/product-reviews/itma63c5c5ce781a?pid=MOBHGUHGEGQQTHY2&page=2,Good quality,5,,Good quality,,2026-05-10T06:23:43+00:00,48532080bc664e6b7987a5aeb8b4d6d564e735711fdd453cac1a82c102d1bdc2,80b98761ed70ed0ed05d56db3c86378359aaf3dd254af3d83e64d9974820df1c,clean
flipkart_3afc121a2c7e9ebe508a,realme_narzo_90x_5g,Realme Narzo 90x 5G,Realme,flipkart,https://www.flipkart.com/realme-narzo-90x-5g-flash-blue-128-gb/product-reviews/itma63c5c5ce781a?pid=MOBHGUHGEGQQTHY2&page=3,Good product,5,,Good product,,2026-05-10T06:23:49+00:00,0a990173a49bf22fb8dc3ef95f2319b3e0688f42f242d7ba3e72c87b78000d18,6bbf6ca7fa0128515f47a63d819a5a40042dd5fc4859ea6536d0302e7d43792d,clean
flipkart_80c7f181782793a43bb8,iqoo_z_11x_5g,iQOO Z11x 5G,iQOO,flipkart,https://www.flipkart.com/iqoo-z11x-5g-prismatic-green-128-gb/product-reviews/itm8278ba39f21e3?pid=MOBHHHHGXWGFFYPM&page=3,Camera quality sound is not good and this phone has not dual speaker and sound is terrifying very bad comparing to vivo and redmi,1,,Don't waste your money,,2026-05-10T09:50:07+00:00,8a222b9e3486d98d3998fed67eb626390c91b7f2b50ee56cf4830b2dd54d63a3,60c95d8d78e5bf00911670a316ffeb8d5bdf7aa6d4d5c62c6f83615d73e9f585,clean
flipkart_99726c00aa3bf67d8f82,iqoo_z_11x_5g,iQOO Z11x 5G,iQOO,flipkart,https://www.flipkart.com/iqoo-z11x-5g-prismatic-green-128-gb/product-reviews/itm8278ba39f21e3?pid=MOBHHHHGXWGFFYPM&page=3,After some day Mobil heating problem face,1,,Not recommended at all,,2026-05-10T09:50:07+00:00,d5225b8709785d1efa6f4622639d8359e807c67a9f26b1e5e16002620080a8e0,261bb902680cd81257b06bbaacb5cf6c04c1cb3e9c1ddcd444e5cedf3fc80bbb,clean
flipkart_9c382c1b812dc1fa6712,iqoo_z_11x_5g,iQOO Z11x 5G,iQOO,flipkart,https://www.flipkart.com/iqoo-z11x-5g-prismatic-green-128-gb/product-reviews/itm8278ba39f21e3?pid=MOBHHHHGXWGFFYPM&page=4,Don't waste your money,1,,Don't waste your money,,2026-05-10T09:50:13+00:00,46947b9f09737f6b32c520f35e792fb96f9f7dfe0e1027a732f82e1c84764af4,9b6bcc833e820a2ceab69b353299ddaaf31ba1876c52b69f579ef1fadf208330,clean
flipkart_32ba74089b75f4fe5956,iqoo_z_11x_5g,iQOO Z11x 5G,iQOO,flipkart,https://www.flipkart.com/iqoo-z11x-5g-prismatic-green-128-gb/product-reviews/itm8278ba39f21e3?pid=MOBHHHHGXWGFFYPM,Very bad camera for the 18 19 k price point. It's similar to 7 8 thousand rupee phone. No option to record in 60fps,2,,Bad quality,,2026-05-10T09:49:55+00:00,1f51d1f76091a8b9c97c3f09451f73ebaeee40219a3519c184b72f77748c5f52,87360a272a67d5117aad7942f089f96428a6851aee21340e6ef999e113fd5127,clean
flipkart_438aeeb445c6a585e5d0,iqoo_z_11x_5g,iQOO Z11x 5G,iQOO,flipkart,https://www.flipkart.com/iqoo-z11x-5g-prismatic-green-128-gb/product-reviews/itm8278ba39f21e3?pid=MOBHHHHGXWGFFYPM&page=2,Worst quality camera,3,,Worst quality camera,,2026-05-10T09:50:02+00:00,f753f5654809efcae1c0c8e0e9aec30a32ae262cff8110ddd5276fee24595aed,51c9d0aa0e73d50d6247c91a65283f1095edf10e12e973a7a26fa4029e7cdab8,clean
flipkart_fbf9785260da16c26fab,iqoo_z_11x_5g,iQOO Z11x 5G,iQOO,flipkart,https://www.flipkart.com/iqoo-z11x-5g-prismatic-green-128-gb/product-reviews/itm8278ba39f21e3?pid=MOBHHHHGXWGFFYPM&page=4,Good 👍😊 product If anyone want to buy this product.So you buy this product it's the best product 👍😊👍,3,,I like this product,,2026-05-10T09:50:13+00:00,00fd380a2d681d78c05a17734f61784814e8aa0f32d2304519d1892e757a7b0a,42f9725fd18096b18d2430e64614b83c71c2374d8f0e3a5dcf15a39c0eb0ea11,clean
flipkart_8f20f5ff6dd41bab99e9,iqoo_z_11x_5g,iQOO Z11x 5G,iQOO,flipkart,https://www.flipkart.com/iqoo-z11x-5g-prismatic-green-128-gb/product-reviews/itm8278ba39f21e3?pid=MOBHHHHGXWGFFYPM&page=3,No Amoled screen rest all good,4,,Very Good,,2026-05-10T09:50:07+00:00,9152e94b7f87f6fc54ef8b5b28f896d3d3d21c4a6b536fe9e795e0b1548b4252,03daaad26b67045adc6ef0488995fa63d68f8b7a05ce00281d84ab19ca72afa7,clean
flipkart_2271bcfe0cfffeef18a0,iqoo_z_11x_5g,iQOO Z11x 5G,iQOO,flipkart,https://www.flipkart.com/iqoo-z11x-5g-prismatic-green-128-gb/product-reviews/itm8278ba39f21e3?pid=MOBHHHHGXWGFFYPM&page=3,Pretty good,4,,Pretty good,,2026-05-10T09:50:07+00:00,df7a6fcff816549e415200628131a0c9fb1e65e5f86af84b85e2e98960b63d98,6940b2b3707d2166936edd59e6cd596c22c6cc32c4a57a679c48f24aacd1a9f6,clean
flipkart_aad0f5d8f660e2ef93f7,iqoo_z_11x_5g,iQOO Z11x 5G,iQOO,flipkart,https://www.flipkart.com/iqoo-z11x-5g-prismatic-green-128-gb/product-reviews/itm8278ba39f21e3?pid=MOBHHHHGXWGFFYPM,"Best in class mobile, only camera is a little , not much, down score. All other are super. Charging time is more than , realme, (40w), but drain time also more. as of now no heat issue, build quality ...",5,,Simply awesome,,2026-05-10T09:49:55+00:00,c9a24513cd1c5762b2f210234495b5c2ffa2ec3f5322af0d28964c840361807a,36aa893cc4af54646814d329dfd0242c1af57a18a0c5f9f273a85ed5b4c67ca9,clean
flipkart_426ca852a04760e6756e,iqoo_z_11x_5g,iQOO Z11x 5G,iQOO,flipkart,https://www.flipkart.com/iqoo-z11x-5g-prismatic-green-128-gb/product-reviews/itm8278ba39f21e3?pid=MOBHHHHGXWGFFYPM&page=3,Thish is water proof so it is good for me and battery is also very good,5,,Thish is water proof so it is good for me and battery is also very good,,2026-05-10T09:50:07+00:00,c0446409b5eabfd641c37ce46705f3a5238b75e60a5f031625bc89fc3ddab186,e67e889a86f0eca176d8c150dabe483e5faf6c4dd22235b36ca8942b1404c9b2,clean
flipkart_21aa36e667996d069b22,iqoo_z_11x_5g,iQOO Z11x 5G,iQOO,flipkart,https://www.flipkart.com/iqoo-z11x-5g-prismatic-green-128-gb/product-reviews/itm8278ba39f21e3?pid=MOBHHHHGXWGFFYPM,This phone good warking battery in a long time use my be 1 full day,5,,This phone good warking battery in a long time use my be 1 full day,,2026-05-10T09:49:55+00:00,798fb17d9a609ed34b72236aa0cb25c5b67433ddfb18dd390241971012eb4432,ce6c60950907becb6e75f48317b0c8846c2d370288e006b1f995c82c204868fb,clean
flipkart_9e7f726cc16e2891026f,iqoo_z_11x_5g,iQOO Z11x 5G,iQOO,flipkart,https://www.flipkart.com/iqoo-z11x-5g-prismatic-green-128-gb/product-reviews/itm8278ba39f21e3?pid=MOBHHHHGXWGFFYPM,Better device in this price nice but SD missing Battery stands for 18 hrs,5,,Better device in this price nice but SD missing Battery stands for 18 hrs,,2026-05-10T09:49:55+00:00,d78cae85660a56a99d67700b55e7c6f9da9aa27daa722d6b07695197f8c29735,4bfd138d065f2d77d1ff0adb253b318d40bb657078791a3cc670d86b26fb2572,clean
flipkart_cb58e7667114f724ceb5,iqoo_z_11x_5g,iQOO Z11x 5G,iQOO,flipkart,https://www.flipkart.com/iqoo-z11x-5g-prismatic-green-128-gb/product-reviews/itm8278ba39f21e3?pid=MOBHHHHGXWGFFYPM,Best Phone Iqoo z11x This value for money All Good,5,,Excellent,,2026-05-10T09:49:55+00:00,b6134dbec2bd5b726b4e0e13c9c73dfbeeb0d42dc4139cb9ac4e2e75605cc9e5,c7fea6c6d371210e6a57893a5f37dba60744c4c0194d00f157714c60634a398f,clean
flipkart_1e9f399b67b7c05f4f66,iqoo_z_11x_5g,iQOO Z11x 5G,iQOO,flipkart,https://www.flipkart.com/iqoo-z11x-5g-prismatic-green-128-gb/product-reviews/itm8278ba39f21e3?pid=MOBHHHHGXWGFFYPM,Best phone but need more good looking with the design,5,,Best phone but need more good looking with the design,,2026-05-10T09:49:55+00:00,5220f2562fc5ae7bde784f445a7d29a786328c84b27d97b23b9685078d77b0cc,9d998667ef9eb21f04d841a7a6b5dc6d54065e81470775cb1c9735433a35a9b5,clean
flipkart_a206f8c05e12ea9ce682,iqoo_z_11x_5g,iQOO Z11x 5G,iQOO,flipkart,https://www.flipkart.com/iqoo-z11x-5g-prismatic-green-128-gb/product-reviews/itm8278ba39f21e3?pid=MOBHHHHGXWGFFYPM&page=2,Good phone battery is heavy 2 Day battery backup,5,,Good phone battery is heavy 2 Day battery backup,,2026-05-10T09:50:02+00:00,c433af15d99e8d92bf2563c67e57a1411ccaf1306f9f3e9e5e6d7cebf2b7092a,b77486fae62e69acb6290d42b9e417d0ed7d051e25e4883ea37a919815a07616,clean
flipkart_e0af8402965077960757,iqoo_z_11x_5g,iQOO Z11x 5G,iQOO,flipkart,https://www.flipkart.com/iqoo-z11x-5g-prismatic-green-128-gb/product-reviews/itm8278ba39f21e3?pid=MOBHHHHGXWGFFYPM&page=3,This mobile is very good and useful price.,5,,This mobile is very good and useful price.,,2026-05-10T09:50:07+00:00,0fab986b7eb0e62c08f9085028a96a3f2ccee06f25989e8a417af9c81d0cacfb,d865247a789009494a15d73619bfce457636f7aae6754222fa3873af6afbd056,clean
flipkart_1b03ab1a7f696f85f87b,iqoo_z_11x_5g,iQOO Z11x 5G,iQOO,flipkart,https://www.flipkart.com/iqoo-z11x-5g-prismatic-green-128-gb/product-reviews/itm8278ba39f21e3?pid=MOBHHHHGXWGFFYPM&page=3,Very nice phone under 20k ...... ❤️❤️❤️,5,,Very nice phone under 20k ...... ❤️❤️❤️,,2026-05-10T09:50:07+00:00,95823eed4f1603804470c09461778d08cb1565ef09cf98657a7d6d00d4f752ed,e62c66a0bcaf6d8e9d3084b2ce711c7d62a16ef6be400c89891371945084ab30,clean
flipkart_fc45fd3ab63e5222663f,iqoo_z_11x_5g,iQOO Z11x 5G,iQOO,flipkart,https://www.flipkart.com/iqoo-z11x-5g-prismatic-green-128-gb/product-reviews/itm8278ba39f21e3?pid=MOBHHHHGXWGFFYPM&page=4,Very very good product,5,,Best in the market!,,2026-05-10T09:50:13+00:00,53a9a81d0a6bc69d7d74acbcccb736fa88756dee30dc88f2337a5e15e63657f9,54ab944aba6bc79cd01b98ed74fc6c2813414aecad119647eddc90af4506d50f,clean
flipkart_534f9f060730b5352537,iqoo_z_11x_5g,iQOO Z11x 5G,iQOO,flipkart,https://www.flipkart.com/iqoo-z11x-5g-prismatic-green-128-gb/product-reviews/itm8278ba39f21e3?pid=MOBHHHHGXWGFFYPM,Best in the market!,5,,Best in the market!,,2026-05-10T09:49:55+00:00,f816e186628901c0be1f4f09e19f5ba2339cf1f0ac83b22c31645e95111949d2,98e188acf2f9bf22f391b9b94dbb8577cc01eec3c5b9b02e22904e2206bd9959,clean
flipkart_833e6a4fc86bb0748586,iqoo_z_11x_5g,iQOO Z11x 5G,iQOO,flipkart,https://www.flipkart.com/iqoo-z11x-5g-prismatic-green-128-gb/product-reviews/itm8278ba39f21e3?pid=MOBHHHHGXWGFFYPM,Very nice phone,5,,Very nice phone,,2026-05-10T09:49:55+00:00,b0bd727cfb001c8099e1048c8c536f3e0d8612e0f05cffef79d359534e4b8b6b,2f3eb971a5667b763e3b33e69503ca379a7d28bb6911370683864f9ce6c174de,clean
flipkart_4391b4939c374fcfd064,iqoo_z_11x_5g,iQOO Z11x 5G,iQOO,flipkart,https://www.flipkart.com/iqoo-z11x-5g-prismatic-green-128-gb/product-reviews/itm8278ba39f21e3?pid=MOBHHHHGXWGFFYPM,Very good mobile,5,,Very good mobile,,2026-05-10T09:49:55+00:00,51ed9025aee452dd206acfb18800bf34191e9c853812c68e47a6c6c3e1b30e90,b68ad84ff42af2838f8e629b2938328c766a053998d2a7b562eac09415becc5e,clean
flipkart_b0ce10b87c019b964af6,iqoo_z_11x_5g,iQOO Z11x 5G,iQOO,flipkart,https://www.flipkart.com/iqoo-z11x-5g-prismatic-green-128-gb/product-reviews/itm8278ba39f21e3?pid=MOBHHHHGXWGFFYPM&page=2,Good product 👍,5,,Good product 👍,,2026-05-10T09:50:02+00:00,ef5fd26c4d11c4c0d82c292b5381de32a028fb291dd2522cd4c4b35e2a22eac0,c05554145b7312ec33783177107d2f25680eae1247e8da688003bfc88faad4c2,clean
flipkart_9bcb6117785ece60d512,iqoo_z_11x_5g,iQOO Z11x 5G,iQOO,flipkart,https://www.flipkart.com/iqoo-z11x-5g-prismatic-green-128-gb/product-reviews/itm8278ba39f21e3?pid=MOBHHHHGXWGFFYPM,Good product,5,,Good product,,2026-05-10T09:49:55+00:00,0a990173a49bf22fb8dc3ef95f2319b3e0688f42f242d7ba3e72c87b78000d18,8939f263f35ffb6f39b772b0405e6345c39cccba13a2bd0caf4a96f3e83914c9,clean
flipkart_ab0183bab8cd43050c54,iqoo_z_11x_5g,iQOO Z11x 5G,iQOO,flipkart,https://www.flipkart.com/iqoo-z11x-5g-prismatic-green-128-gb/product-reviews/itm8278ba39f21e3?pid=MOBHHHHGXWGFFYPM,Simply awesome,5,,Simply awesome,,2026-05-10T09:49:55+00:00,d27501ded2e6426c60c4270e86c79d894a19dcaf762b155aff2b196399106587,dae70239fda90de282865b2ab54fedf15bf06715483e4d5510bdd8b5ff114b89,clean
